Trade #,Type,Date/Time,Signal,Price USD,Position size (qty),Position size (value),Net P&L USD,Net P&L %,Run-up USD,Run-up %,Drawdown USD,Drawdown %,Cumulative P&L USD,Cumulative P&L %
1,Exit long,2017-05-04 16:05,Cierre forzoso fin sesión,20897,47.8,999928.2,-1051.6,-0.11,239,0.02,-1195,-0.12,-1051.6,-0.11
1,Entry long,2017-05-04 16:00,Long,20919,47.8,999928.2,-1051.6,-0.11,239,0.02,-1195,-0.12,-1051.6,-0.11
2,Exit short,2017-05-19 16:05,Cierre forzoso fin sesión,20801,48,998208,-240,-0.02,0,0.00,-576,-0.06,-1291.6,-0.13
2,Entry short,2017-05-19 16:00,Short,20796,48,998208,-240,-0.02,0,0.00,-576,-0.06,-1291.6,-0.13
3,Exit short,2017-06-13 15:55,Exit Short Trailing,21328,46.8,998010,-140.4,-0.01,234,0.02,-468,-0.05,-1432,-0.14
3,Entry short,2017-06-13 15:45,Short,21325,46.8,998010,-140.4,-0.01,234,0.02,-468,-0.05,-1432,-0.14
4,Exit long,2017-06-16 16:05,Cierre forzoso fin sesión,21380,46.7,997745.5,700.5,0.07,793.9,0.08,-280.2,-0.03,-731.5,-0.07
4,Entry long,2017-06-16 15:35,Long,21365,46.7,997745.5,700.5,0.07,793.9,0.08,-280.2,-0.03,-731.5,-0.07
5,Exit long,2017-06-21 16:05,Cierre forzoso fin sesión,21451,46.5,998308.5,-837,-0.08,46.5,0.00,-837,-0.08,-1568.5,-0.16
5,Entry long,2017-06-21 15:45,Long,21469,46.5,998308.5,-837,-0.08,46.5,0.00,-837,-0.08,-1568.5,-0.16
6,Exit short,2017-06-28 15:45,Exit Short Trailing,21460,46.4,996440,696,0.07,696,0.07,-92.8,-0.01,-872.5,-0.09
6,Entry short,2017-06-28 15:40,Short,21475,46.4,996440,696,0.07,696,0.07,-92.8,-0.01,-872.5,-0.09
7,Exit short,2017-07-03 16:00,Exit Short Trailing,21545,46.3,998413.2,879.7,0.09,879.7,0.09,-46.3,0.00,7.2,0.00
7,Entry short,2017-07-03 15:35,Short,21564,46.3,998413.2,879.7,0.09,879.7,0.09,-46.3,0.00,7.2,0.00
8,Exit short,2017-07-13 15:50,Exit Short Trailing,21569,46.3,998274.3,-370.4,-0.04,138.9,0.01,-370.4,-0.04,-363.2,-0.04
8,Entry short,2017-07-13 15:40,Short,21561,46.3,998274.3,-370.4,-0.04,138.9,0.01,-370.4,-0.04,-363.2,-0.04
9,Exit long,2017-08-17 15:55,Exit Long Trailing,21924,45.6,999278.4,456,0.05,547.2,0.05,0,0.00,92.8,0.01
9,Entry long,2017-08-17 15:50,Long,21914,45.6,999278.4,456,0.05,547.2,0.05,0,0.00,92.8,0.01
10,Exit short,2017-08-22 15:45,Exit Short Trailing,21878,45.7,999778.9,-45.7,0.00,91.4,0.01,-365.6,-0.04,47.1,0.00
10,Entry short,2017-08-22 15:40,Short,21877,45.7,999778.9,-45.7,0.00,91.4,0.01,-365.6,-0.04,47.1,0.00
11,Exit long,2017-08-28 15:55,Exit Long Trailing,21834,45.8,998943.8,1053.4,0.11,1053.4,0.11,-45.8,0.00,1100.5,0.11
11,Entry long,2017-08-28 15:45,Long,21811,45.8,998943.8,1053.4,0.11,1053.4,0.11,-45.8,0.00,1100.5,0.11
12,Exit short,2017-09-13 15:55,Exit Short Trailing,22140,45.2,1000592.4,-135.6,-0.01,45.2,0.00,-271.2,-0.03,964.9,0.10
12,Entry short,2017-09-13 15:50,Short,22137,45.2,1000592.4,-135.6,-0.01,45.2,0.00,-271.2,-0.03,964.9,0.10
13,Exit short,2017-10-13 15:50,Exit Short Trailing,22881,43.7,999244.2,-655.5,-0.07,43.7,0.00,-655.5,-0.07,309.4,0.03
13,Entry short,2017-10-13 15:35,Short,22866,43.7,999244.2,-655.5,-0.07,43.7,0.00,-655.5,-0.07,309.4,0.03
14,Exit short,2017-11-06 16:05,Cierre forzoso fin sesión,23548,42.4,998392.8,-42.4,0.00,212,0.02,-127.2,-0.01,267,0.03
14,Entry short,2017-11-06 16:00,Short,23547,42.4,998392.8,-42.4,0.00,212,0.02,-127.2,-0.01,267,0.03
15,Exit long,2017-11-14 16:05,Cierre forzoso fin sesión,23381,42.8,998909.2,1797.6,0.18,2867.6,0.29,-256.8,-0.03,2064.6,0.21
15,Entry long,2017-11-14 15:40,Long,23339,42.8,998909.2,1797.6,0.18,2867.6,0.29,-256.8,-0.03,2064.6,0.21
16,Exit short,2017-12-21 15:50,Exit Short Trailing,24849,40.2,999573,643.2,0.06,683.4,0.07,-40.2,0.00,2707.8,0.27
16,Entry short,2017-12-21 15:45,Short,24865,40.2,999573,643.2,0.06,683.4,0.07,-40.2,0.00,2707.8,0.27
17,Exit long,2018-01-08 16:05,Cierre forzoso fin sesión,25253,39.6,1000296,-277.2,-0.03,316.8,0.03,-277.2,-0.03,2430.6,0.24
17,Entry long,2018-01-08 15:50,Long,25260,39.6,1000296,-277.2,-0.03,316.8,0.03,-277.2,-0.03,2430.6,0.24
18,Exit short,2018-01-31 16:05,Cierre forzoso fin sesión,26248,38.1,1000125,76.2,0.01,800.1,0.08,-609.6,-0.06,2506.8,0.25
18,Entry short,2018-01-31 15:45,Short,26250,38.1,1000125,76.2,0.01,800.1,0.08,-609.6,-0.06,2506.8,0.25
19,Exit long,2018-02-19 15:55,Exit Long Trailing,25122,39.8,1001208.8,-1353.2,-0.14,358.2,0.04,-1353.2,-0.14,1153.6,0.12
19,Entry long,2018-02-19 15:45,Long,25156,39.8,1001208.8,-1353.2,-0.14,358.2,0.04,-1353.2,-0.14,1153.6,0.12
20,Exit short,2018-02-28 15:55,Exit Short Trailing,25427,39.2,1000893.6,4155.2,0.42,4155.2,0.42,-274.4,-0.03,5308.8,0.53
20,Entry short,2018-02-28 15:45,Short,25533,39.2,1000893.6,4155.2,0.42,4155.2,0.42,-274.4,-0.03,5308.8,0.53
21,Exit long,2018-03-08 15:45,Exit Long Trailing,24850,40.5,1004643,1782,0.18,1782,0.18,-405,-0.04,7090.8,0.71
21,Entry long,2018-03-08 15:40,Long,24806,40.5,1004643,1782,0.18,1782,0.18,-405,-0.04,7090.8,0.71
22,Exit short,2018-03-09 15:40,Exit Short Trailing,25164,40,1006120,-440,-0.04,200,0.02,-1120,-0.11,6650.8,0.67
22,Entry short,2018-03-09 15:35,Short,25153,40,1006120,-440,-0.04,200,0.02,-1120,-0.11,6650.8,0.67
23,Exit long,2018-03-14 15:45,Exit Long Trailing,24751,40.6,1005256,-365.4,-0.04,974.4,0.10,-1705.2,-0.17,6285.4,0.63
23,Entry long,2018-03-14 15:40,Long,24760,40.6,1005256,-365.4,-0.04,974.4,0.10,-1705.2,-0.17,6285.4,0.63
24,Exit short,2018-03-21 15:45,Exit Short Trailing,24806,40.5,1004481,-162,-0.02,364.5,0.04,-405,-0.04,6123.4,0.61
24,Entry short,2018-03-21 15:40,Short,24802,40.5,1004481,-162,-0.02,364.5,0.04,-405,-0.04,6123.4,0.61
25,Exit short,2018-03-23 16:00,Exit Short Trailing,23913,41.9,1003798.3,1843.6,0.18,4818.5,0.48,-377.1,-0.04,7967,0.80
25,Entry short,2018-03-23 15:40,Short,23957,41.9,1003798.3,1843.6,0.18,4818.5,0.48,-377.1,-0.04,7967,0.80
26,Exit short,2018-04-10 16:05,Cierre forzoso fin sesión,24442,41.2,1007134,123.6,0.01,3337.2,0.33,-988.8,-0.10,8090.6,0.81
26,Entry short,2018-04-10 15:45,Short,24445,41.2,1007134,123.6,0.01,3337.2,0.33,-988.8,-0.10,8090.6,0.81
27,Exit short,2018-04-16 16:05,Cierre forzoso fin sesión,24583,41,1007411,-492,-0.05,41,0.00,-861,-0.09,7598.6,0.76
27,Entry short,2018-04-16 16:00,Short,24571,41,1007411,-492,-0.05,41,0.00,-861,-0.09,7598.6,0.76
28,Exit long,2018-04-24 16:00,Exit Long Trailing,24311,41.3,1006481,-2436.7,-0.24,247.8,0.02,-2436.7,-0.24,5161.9,0.52
28,Entry long,2018-04-24 15:55,Long,24370,41.3,1006481,-2436.7,-0.24,247.8,0.02,-2436.7,-0.24,5161.9,0.52
29,Exit long,2018-05-03 16:05,Cierre forzoso fin sesión,23654,42.5,1004657.5,637.5,0.06,1700,0.17,-510,-0.05,5799.4,0.58
29,Entry long,2018-05-03 15:50,Long,23639,42.5,1004657.5,637.5,0.06,1700,0.17,-510,-0.05,5799.4,0.58
30,Exit short,2018-05-14 16:00,Exit Short Trailing,24961,40.3,1005444.7,-483.6,-0.05,604.5,0.06,-483.6,-0.05,5315.8,0.53
30,Entry short,2018-05-14 15:45,Short,24949,40.3,1005444.7,-483.6,-0.05,604.5,0.06,-483.6,-0.05,5315.8,0.53
31,Exit long,2018-05-15 16:05,Cierre forzoso fin sesión,24662,40.7,1004191.1,-447.7,-0.04,488.4,0.05,-691.9,-0.07,4868.1,0.49
31,Entry long,2018-05-15 16:00,Long,24673,40.7,1004191.1,-447.7,-0.04,488.4,0.05,-691.9,-0.07,4868.1,0.49
32,Exit short,2018-05-17 16:05,Cierre forzoso fin sesión,24756,40.5,1003347,729,0.07,1093.5,0.11,-243,-0.02,5597.1,0.56
32,Entry short,2018-05-17 15:50,Short,24774,40.5,1003347,729,0.07,1093.5,0.11,-243,-0.02,5597.1,0.56
33,Exit long,2018-05-24 15:50,Exit Long Trailing,24689,40.6,1003794.4,-1421,-0.14,81.2,0.01,-1421,-0.14,4176.1,0.42
33,Entry long,2018-05-24 15:45,Long,24724,40.6,1003794.4,-1421,-0.14,81.2,0.01,-1421,-0.14,4176.1,0.42
34,Exit short,2018-06-01 15:40,Exit Short Trailing,24631,40.7,1002318.9,-162.8,-0.02,162.8,0.02,-529.1,-0.05,4013.3,0.40
34,Entry short,2018-06-01 15:35,Short,24627,40.7,1002318.9,-162.8,-0.02,162.8,0.02,-529.1,-0.05,4013.3,0.40
35,Exit long,2018-06-20 16:05,Cierre forzoso fin sesión,24700,40.6,1001723.8,1096.2,0.11,1096.2,0.11,-162.4,-0.02,5109.5,0.51
35,Entry long,2018-06-20 16:00,Long,24673,40.6,1001723.8,1096.2,0.11,1096.2,0.11,-162.4,-0.02,5109.5,0.51
36,Exit short,2018-07-20 16:05,Cierre forzoso fin sesión,25099,40,1003960,0,0.00,320,0.03,-200,-0.02,5109.5,0.51
36,Entry short,2018-07-20 15:55,Short,25099,40,1003960,0,0.00,320,0.03,-200,-0.02,5109.5,0.51
37,Exit short,2018-07-24 16:05,Cierre forzoso fin sesión,25252,39.8,1005069.4,39.8,0.00,278.6,0.03,-437.8,-0.04,5149.3,0.51
37,Entry short,2018-07-24 16:00,Short,25253,39.8,1005069.4,39.8,0.00,278.6,0.03,-437.8,-0.04,5149.3,0.51
38,Exit short,2018-07-31 16:00,Exit Short Trailing,25459,39.4,1002808.8,-275.8,-0.03,275.8,0.03,-275.8,-0.03,4873.5,0.49
38,Entry short,2018-07-31 15:50,Short,25452,39.4,1002808.8,-275.8,-0.03,275.8,0.03,-275.8,-0.03,4873.5,0.49
39,Exit long,2018-08-01 15:40,Exit Long Trailing,25389,39.5,1002865.5,0,0.00,355.5,0.04,-158,-0.02,4873.5,0.49
39,Entry long,2018-08-01 15:35,Long,25389,39.5,1002865.5,0,0.00,355.5,0.04,-158,-0.02,4873.5,0.49
40,Exit short,2018-08-03 16:05,Cierre forzoso fin sesión,25386,39.5,1002391.5,-355.5,-0.04,355.5,0.04,-474,-0.05,4518,0.45
40,Entry short,2018-08-03 16:00,Short,25377,39.5,1002391.5,-355.5,-0.04,355.5,0.04,-474,-0.05,4518,0.45
41,Exit short,2018-08-22 15:40,Exit Short Trailing,25822,38.9,1003736.7,-739.1,-0.07,194.5,0.02,-739.1,-0.07,3778.9,0.38
41,Entry short,2018-08-22 15:35,Short,25803,38.9,1003736.7,-739.1,-0.07,194.5,0.02,-739.1,-0.07,3778.9,0.38
42,Exit short,2018-08-27 15:45,Exit Short Trailing,26016,38.6,1003407,-810.6,-0.08,115.8,0.01,-810.6,-0.08,2968.3,0.30
42,Entry short,2018-08-27 15:40,Short,25995,38.6,1003407,-810.6,-0.08,115.8,0.01,-810.6,-0.08,2968.3,0.30
43,Exit short,2018-08-27 16:05,Cierre forzoso fin sesión,26052,38.4,1000742.4,345.6,0.03,384,0.04,0,0.00,3313.9,0.33
43,Entry short,2018-08-27 16:00,Short,26061,38.4,1000742.4,345.6,0.03,384,0.04,0,0.00,3313.9,0.33
44,Exit short,2018-09-21 15:55,Exit Short Trailing,26775,37.4,1001011,-374,-0.04,224.4,0.02,-374,-0.04,2939.9,0.29
44,Entry short,2018-09-21 15:50,Short,26765,37.4,1001011,-374,-0.04,224.4,0.02,-374,-0.04,2939.9,0.29
45,Exit long,2018-10-17 16:05,Cierre forzoso fin sesión,25745,38.9,1000508,972.5,0.10,1750.5,0.17,-1011.4,-0.10,3912.4,0.39
45,Entry long,2018-10-17 15:45,Long,25720,38.9,1000508,972.5,0.10,1750.5,0.17,-1011.4,-0.10,3912.4,0.39
46,Exit long,2018-10-24 16:05,Cierre forzoso fin sesión,25141,40,1002880,2760,0.28,4160,0.41,-960,-0.10,6672.4,0.67
46,Entry long,2018-10-24 15:50,Long,25072,40,1002880,2760,0.28,4160,0.41,-960,-0.10,6672.4,0.67
47,Exit short,2018-10-29 16:05,Cierre forzoso fin sesión,24806,40.4,1004990.4,2828,0.28,3393.6,0.34,-444.4,-0.04,9500.4,0.95
47,Entry short,2018-10-29 15:55,Short,24876,40.4,1004990.4,2828,0.28,3393.6,0.34,-444.4,-0.04,9500.4,0.95
48,Exit short,2018-11-01 16:00,Exit Short Trailing,25331,39.8,1009248.4,1074.6,0.11,1393,0.14,-477.6,-0.05,10575,1.06
48,Entry short,2018-11-01 15:55,Short,25358,39.8,1009248.4,1074.6,0.11,1393,0.14,-477.6,-0.05,10575,1.06
49,Exit short,2018-11-05 15:40,Exit Short Trailing,25389,39.8,1009885.2,-597,-0.06,119.4,0.01,-1154.2,-0.11,9978,1.00
49,Entry short,2018-11-05 15:35,Short,25374,39.8,1009885.2,-597,-0.06,119.4,0.01,-1154.2,-0.11,9978,1.00
50,Exit short,2018-11-26 16:00,Exit Short Trailing,24680,40.9,1009821,409,0.04,490.8,0.05,-81.8,-0.01,10387,1.04
50,Entry short,2018-11-26 15:55,Short,24690,40.9,1009821,409,0.04,490.8,0.05,-81.8,-0.01,10387,1.04
51,Exit long,2018-12-17 16:05,Cierre forzoso fin sesión,24017,42.1,1009052.8,2062.9,0.20,3199.6,0.32,-1936.6,-0.19,12449.9,1.24
51,Entry long,2018-12-17 15:45,Long,23968,42.1,1009052.8,2062.9,0.20,3199.6,0.32,-1936.6,-0.19,12449.9,1.24
52,Exit short,2018-12-18 16:05,Cierre forzoso fin sesión,23804,42.5,1011415,-255,-0.03,1317.5,0.13,-1742.5,-0.17,12194.9,1.22
52,Entry short,2018-12-18 15:45,Short,23798,42.5,1011415,-255,-0.03,1317.5,0.13,-1742.5,-0.17,12194.9,1.22
53,Exit short,2018-12-19 16:05,Cierre forzoso fin sesión,23880,42.3,1011096.9,972.9,0.10,1226.7,0.12,-423,-0.04,13167.8,1.32
53,Entry short,2018-12-19 15:55,Short,23903,42.3,1011096.9,972.9,0.10,1226.7,0.12,-423,-0.04,13167.8,1.32
54,Exit short,2019-01-07 15:40,Exit Short Trailing,23476,43.1,1012806.9,991.3,0.10,1724,0.17,-603.4,-0.06,14159.1,1.42
54,Entry short,2019-01-07 15:35,Short,23499,43.1,1012806.9,991.3,0.10,1724,0.17,-603.4,-0.06,14159.1,1.42
55,Exit long,2019-01-09 15:40,Exit Long Trailing,23859,42.5,1013285,722.5,0.07,1275,0.13,-510,-0.05,14881.6,1.49
55,Entry long,2019-01-09 15:35,Long,23842,42.5,1013285,722.5,0.07,1275,0.13,-510,-0.05,14881.6,1.49
56,Exit short,2019-01-16 15:50,Exit Short Trailing,24186,41.9,1013183.9,-209.5,-0.02,2095,0.21,-419,-0.04,14672.1,1.47
56,Entry short,2019-01-16 15:35,Short,24181,41.9,1013183.9,-209.5,-0.02,2095,0.21,-419,-0.04,14672.1,1.47
57,Exit long,2019-01-31 15:55,Exit Long Trailing,24930,40.7,1014569.6,81.4,0.01,488.4,0.05,-529.1,-0.05,14753.5,1.48
57,Entry long,2019-01-31 15:50,Long,24928,40.7,1014569.6,81.4,0.01,488.4,0.05,-529.1,-0.05,14753.5,1.48
58,Exit short,2019-02-12 16:00,Exit Short Trailing,25323,40.1,1014169.1,-1283.2,-0.13,0,0.00,-1764.4,-0.17,13470.3,1.35
58,Entry short,2019-02-12 15:55,Short,25291,40.1,1014169.1,-1283.2,-0.13,0,0.00,-1764.4,-0.17,13470.3,1.35
59,Exit long,2019-02-14 15:45,Exit Long Trailing,25447,39.9,1013100.9,2234.4,0.22,2513.7,0.25,-79.8,-0.01,15704.7,1.57
59,Entry long,2019-02-14 15:40,Long,25391,39.9,1013100.9,2234.4,0.22,2513.7,0.25,-79.8,-0.01,15704.7,1.57
60,Exit short,2019-03-13 16:05,Cierre forzoso fin sesión,25741,39.4,1013801.4,-394,-0.04,394,0.04,-591,-0.06,15310.7,1.53
60,Entry short,2019-03-13 15:50,Short,25731,39.4,1013801.4,-394,-0.04,394,0.04,-591,-0.06,15310.7,1.53
61,Exit short,2019-03-14 15:50,Exit Short Trailing,25747,39.4,1013880.2,-551.6,-0.05,78.8,0.01,-709.2,-0.07,14759.1,1.48
61,Entry short,2019-03-14 15:45,Short,25733,39.4,1013880.2,-551.6,-0.05,78.8,0.01,-709.2,-0.07,14759.1,1.48
62,Exit long,2019-03-20 16:05,Cierre forzoso fin sesión,25745,39.4,1013446.8,906.2,0.09,1024.4,0.10,0,0.00,15665.3,1.57
62,Entry long,2019-03-20 16:00,Long,25722,39.4,1013446.8,906.2,0.09,1024.4,0.10,0,0.00,15665.3,1.57
63,Exit short,2019-03-21 15:50,Exit Short Trailing,25948,39.1,1013706.6,-860.2,-0.08,0,0.00,-1133.9,-0.11,14805.1,1.48
63,Entry short,2019-03-21 15:45,Short,25926,39.1,1013706.6,-860.2,-0.08,0,0.00,-1133.9,-0.11,14805.1,1.48
64,Exit short,2019-03-26 16:05,Cierre forzoso fin sesión,25702,39.4,1013722.6,1063.8,0.10,2324.6,0.23,-39.4,0.00,15868.9,1.59
64,Entry short,2019-03-26 15:50,Short,25729,39.4,1013722.6,1063.8,0.10,2324.6,0.23,-39.4,0.00,15868.9,1.59
65,Exit short,2019-04-23 15:55,Exit Short Trailing,26653,38.1,1015174.5,-304.8,-0.03,342.9,0.03,-381,-0.04,15564.1,1.56
65,Entry short,2019-04-23 15:50,Short,26645,38.1,1015174.5,-304.8,-0.03,342.9,0.03,-381,-0.04,15564.1,1.56
66,Exit long,2019-05-01 16:05,Cierre forzoso fin sesión,26648,38,1013118,-494,-0.05,38,0.00,-570,-0.06,15070.1,1.51
66,Entry long,2019-05-01 16:00,Long,26661,38,1013118,-494,-0.05,38,0.00,-570,-0.06,15070.1,1.51
67,Exit short,2019-05-03 16:00,Exit Short Trailing,26467,38.3,1013877.6,191.5,0.02,268.1,0.03,-153.2,-0.02,15261.6,1.53
67,Entry short,2019-05-03 15:55,Short,26472,38.3,1013877.6,191.5,0.02,268.1,0.03,-153.2,-0.02,15261.6,1.53
68,Exit long,2019-05-13 16:05,Cierre forzoso fin sesión,25340,40,1014440,-840,-0.08,160,0.02,-1360,-0.13,14421.6,1.44
68,Entry long,2019-05-13 16:00,Long,25361,40,1014440,-840,-0.08,160,0.02,-1360,-0.13,14421.6,1.44
69,Exit short,2019-06-07 15:50,Exit Short Trailing,26009,39,1014234,-117,-0.01,702,0.07,-156,-0.02,14304.6,1.43
69,Entry short,2019-06-07 15:45,Short,26006,39,1014234,-117,-0.01,702,0.07,-156,-0.02,14304.6,1.43
70,Exit long,2019-07-19 15:45,Exit Long Trailing,27267,37.1,1011717,-111.3,-0.01,296.8,0.03,-593.6,-0.06,14193.3,1.42
70,Entry long,2019-07-19 15:40,Long,27270,37.1,1011717,-111.3,-0.01,296.8,0.03,-593.6,-0.06,14193.3,1.42
71,Exit short,2019-07-29 16:05,Cierre forzoso fin sesión,27268,37.1,1011828.3,185.5,0.02,333.9,0.03,-593.6,-0.06,14378.8,1.44
71,Entry short,2019-07-29 15:35,Short,27273,37.1,1011828.3,185.5,0.02,333.9,0.03,-593.6,-0.06,14378.8,1.44
72,Exit long,2019-07-31 16:05,Cierre forzoso fin sesión,27239,37.2,1013328,-37.2,0.00,186,0.02,-260.4,-0.03,14341.6,1.43
72,Entry long,2019-07-31 15:55,Long,27240,37.2,1013328,-37.2,0.00,186,0.02,-260.4,-0.03,14341.6,1.43
73,Exit short,2019-08-01 16:05,Cierre forzoso fin sesión,27147,37.3,1012508.5,-74.6,-0.01,484.9,0.05,-186.5,-0.02,14267,1.43
73,Entry short,2019-08-01 16:00,Short,27145,37.3,1012508.5,-74.6,-0.01,484.9,0.05,-186.5,-0.02,14267,1.43
74,Exit long,2019-08-05 15:55,Exit Long Trailing,25919,39,1012401,-1560,-0.15,390,0.04,-1560,-0.15,12707,1.27
74,Entry long,2019-08-05 15:50,Long,25959,39,1012401,-1560,-0.15,390,0.04,-1560,-0.15,12707,1.27
75,Exit long,2019-09-02 15:55,Exit Long Trailing,26163,38.6,1010200.6,-308.8,-0.03,694.8,0.07,-2586.2,-0.26,12398.2,1.24
75,Entry long,2019-09-02 15:50,Long,26171,38.6,1010200.6,-308.8,-0.03,694.8,0.07,-2586.2,-0.26,12398.2,1.24
76,Exit long,2019-09-24 15:45,Exit Long Trailing,26904,37.6,1012304.8,-714.4,-0.07,526.4,0.05,-940,-0.09,11683.8,1.17
76,Entry long,2019-09-24 15:40,Long,26923,37.6,1012304.8,-714.4,-0.07,526.4,0.05,-940,-0.09,11683.8,1.17
77,Exit long,2019-10-08 15:40,Exit Long Trailing,26176,38.6,1009312.8,1080.8,0.11,1544,0.15,-193,-0.02,12764.6,1.28
77,Entry long,2019-10-08 15:35,Long,26148,38.6,1009312.8,1080.8,0.11,1544,0.15,-193,-0.02,12764.6,1.28
78,Exit long,2019-10-29 16:05,Cierre forzoso fin sesión,27070,37.4,1012118.8,299.2,0.03,1047.2,0.10,-860.2,-0.08,13063.8,1.31
78,Entry long,2019-10-29 16:00,Long,27062,37.4,1012118.8,299.2,0.03,1047.2,0.10,-860.2,-0.08,13063.8,1.31
79,Exit long,2019-10-31 16:00,Exit Long Trailing,26988,37.5,1012987.5,-937.5,-0.09,675,0.07,-937.5,-0.09,12126.3,1.21
79,Entry long,2019-10-31 15:40,Long,27013,37.5,1012987.5,-937.5,-0.09,675,0.07,-937.5,-0.09,12126.3,1.21
80,Exit short,2019-11-18 15:55,Exit Short Trailing,28016,36.1,1011269.3,-108.3,-0.01,36.1,0.00,-505.4,-0.05,12018,1.20
80,Entry short,2019-11-18 15:50,Short,28013,36.1,1011269.3,-108.3,-0.01,36.1,0.00,-505.4,-0.05,12018,1.20
81,Exit short,2019-11-28 15:50,Exit Short Trailing,28119,35.9,1009436.2,-35.9,0.00,107.7,0.01,-215.4,-0.02,11982.1,1.20
81,Entry short,2019-11-28 15:45,Short,28118,35.9,1009436.2,-35.9,0.00,107.7,0.01,-215.4,-0.02,11982.1,1.20
82,Exit short,2019-12-06 15:50,Exit Short Trailing,27989,36.1,1010222.4,-180.5,-0.02,216.6,0.02,-252.7,-0.03,11801.6,1.18
82,Entry short,2019-12-06 15:45,Short,27984,36.1,1010222.4,-180.5,-0.02,216.6,0.02,-252.7,-0.03,11801.6,1.18
83,Exit long,2019-12-11 15:55,Exit Long Trailing,27846,36.3,1010991.3,-181.5,-0.02,181.5,0.02,-544.5,-0.05,11620.1,1.16
83,Entry long,2019-12-11 15:50,Long,27851,36.3,1010991.3,-181.5,-0.02,181.5,0.02,-544.5,-0.05,11620.1,1.16
84,Exit short,2019-12-16 16:05,Cierre forzoso fin sesión,28336,35.6,1008868.4,106.8,0.01,142.4,0.01,-142.4,-0.01,11726.9,1.17
84,Entry short,2019-12-16 16:00,Short,28339,35.6,1008868.4,106.8,0.01,142.4,0.01,-142.4,-0.01,11726.9,1.17
85,Exit short,2019-12-17 16:05,Cierre forzoso fin sesión,28320,35.7,1010345.7,-678.3,-0.07,35.7,0.00,-785.4,-0.08,11048.6,1.10
85,Entry short,2019-12-17 16:00,Short,28301,35.7,1010345.7,-678.3,-0.07,35.7,0.00,-785.4,-0.08,11048.6,1.10
86,Exit short,2019-12-23 15:50,Exit Short Trailing,28600,35.3,1009862.4,282.4,0.03,423.6,0.04,-70.6,-0.01,11331,1.13
86,Entry short,2019-12-23 15:45,Short,28608,35.3,1009862.4,282.4,0.03,423.6,0.04,-70.6,-0.01,11331,1.13
87,Exit short,2020-01-14 15:45,Exit Short Trailing,28995,34.9,1011262.4,-663.1,-0.07,244.3,0.02,-732.9,-0.07,10667.9,1.07
87,Entry short,2020-01-14 15:40,Short,28976,34.9,1011262.4,-663.1,-0.07,244.3,0.02,-732.9,-0.07,10667.9,1.07
88,Exit short,2020-02-12 16:00,Exit Short Trailing,29504,34.2,1008216,-820.8,-0.08,444.6,0.04,-820.8,-0.08,9847.1,0.98
88,Entry short,2020-02-12 15:45,Short,29480,34.2,1008216,-820.8,-0.08,444.6,0.04,-820.8,-0.08,9847.1,0.98
89,Exit long,2020-04-13 16:05,Cierre forzoso fin sesión,23300,43.4,1009570.8,1649.2,0.16,1736,0.17,-1909.6,-0.19,11496.3,1.15
89,Entry long,2020-04-13 15:50,Long,23262,43.4,1009570.8,1649.2,0.16,1736,0.17,-1909.6,-0.19,11496.3,1.15
90,Exit long,2020-04-17 16:05,Cierre forzoso fin sesión,23882,42.3,1011054.6,-846,-0.08,1226.7,0.12,-1480.5,-0.15,10650.3,1.07
90,Entry long,2020-04-17 15:35,Long,23902,42.3,1011054.6,-846,-0.08,1226.7,0.12,-1480.5,-0.15,10650.3,1.07
91,Exit short,2020-04-23 16:05,Cierre forzoso fin sesión,23777,42.5,1009970,-552.5,-0.05,2380,0.24,-892.5,-0.09,10097.8,1.01
91,Entry short,2020-04-23 15:35,Short,23764,42.5,1009970,-552.5,-0.05,2380,0.24,-892.5,-0.09,10097.8,1.01
92,Exit long,2020-04-30 15:55,Exit Long Trailing,24288,41.5,1008533,-581,-0.06,705.5,0.07,-664,-0.07,9516.8,0.95
92,Entry long,2020-04-30 15:50,Long,24302,41.5,1008533,-581,-0.06,705.5,0.07,-664,-0.07,9516.8,0.95
93,Exit short,2020-05-07 15:55,Exit Short Trailing,24071,41.9,1008281.6,-293.3,-0.03,712.3,0.07,-1215.1,-0.12,9223.5,0.92
93,Entry short,2020-05-07 15:45,Short,24064,41.9,1008281.6,-293.3,-0.03,712.3,0.07,-1215.1,-0.12,9223.5,0.92
94,Exit long,2020-07-17 16:05,Cierre forzoso fin sesión,26716,37.7,1006853.9,339.3,0.03,565.5,0.06,-263.9,-0.03,9562.8,0.96
94,Entry long,2020-07-17 15:55,Long,26707,37.7,1006853.9,339.3,0.03,565.5,0.06,-263.9,-0.03,9562.8,0.96
95,Exit long,2020-08-17 15:40,Exit Long Trailing,27868,36.2,1008568.2,253.4,0.03,579.2,0.06,-108.6,-0.01,9816.2,0.98
95,Entry long,2020-08-17 15:35,Long,27861,36.2,1008568.2,253.4,0.03,579.2,0.06,-108.6,-0.01,9816.2,0.98
96,Exit short,2020-08-19 15:40,Exit Short Trailing,27867,36.2,1009111.2,325.8,0.03,325.8,0.03,-253.4,-0.03,10142,1.01
96,Entry short,2020-08-19 15:35,Short,27876,36.2,1009111.2,325.8,0.03,325.8,0.03,-253.4,-0.03,10142,1.01
97,Exit short,2020-08-20 15:45,Exit Short Trailing,27682,36.4,1007734,109.2,0.01,400.4,0.04,-291.2,-0.03,10251.2,1.03
97,Entry short,2020-08-20 15:40,Short,27685,36.4,1007734,109.2,0.01,400.4,0.04,-291.2,-0.03,10251.2,1.03
98,Exit long,2020-08-25 15:45,Exit Long Trailing,28108,35.9,1010118.3,-1041.1,-0.10,538.5,0.05,-1471.9,-0.15,9210.1,0.92
98,Entry long,2020-08-25 15:40,Long,28137,35.9,1010118.3,-1041.1,-0.10,538.5,0.05,-1471.9,-0.15,9210.1,0.92
99,Exit long,2020-10-14 15:55,Exit Long Trailing,28512,35.3,1008521,-2047.4,-0.20,458.9,0.05,-2153.3,-0.21,7162.7,0.72
99,Entry long,2020-10-14 15:50,Long,28570,35.3,1008521,-2047.4,-0.20,458.9,0.05,-2153.3,-0.21,7162.7,0.72
100,Exit long,2020-11-17 16:05,Cierre forzoso fin sesión,29726,33.8,1004671.2,67.6,0.01,540.8,0.05,-371.8,-0.04,7230.3,0.72
100,Entry long,2020-11-17 15:55,Long,29724,33.8,1004671.2,67.6,0.01,540.8,0.05,-371.8,-0.04,7230.3,0.72
101,Exit long,2020-12-10 16:05,Cierre forzoso fin sesión,30068,33.5,1005971.5,1306.5,0.13,1507.5,0.15,-971.5,-0.10,8536.8,0.85
101,Entry long,2020-12-10 15:40,Long,30029,33.5,1005971.5,1306.5,0.13,1507.5,0.15,-971.5,-0.10,8536.8,0.85
102,Exit long,2021-01-25 15:55,Exit Long Trailing,30814,32.6,1005579.6,-1043.2,-0.10,97.8,0.01,-1825.6,-0.18,7493.6,0.75
102,Entry long,2021-01-25 15:50,Long,30846,32.6,1005579.6,-1043.2,-0.10,97.8,0.01,-1825.6,-0.18,7493.6,0.75
103,Exit long,2021-01-25 16:05,Cierre forzoso fin sesión,30649,32.8,1007124,-1836.8,-0.18,1410.4,0.14,-2558.4,-0.25,5656.8,0.57
103,Entry long,2021-01-25 16:00,Long,30705,32.8,1007124,-1836.8,-0.18,1410.4,0.14,-2558.4,-0.25,5656.8,0.57
104,Exit long,2021-02-16 15:55,Exit Long Trailing,31487,31.8,1002844.8,-1558.2,-0.16,190.8,0.02,-2035.2,-0.20,4098.6,0.41
104,Entry long,2021-02-16 15:50,Long,31536,31.8,1002844.8,-1558.2,-0.16,190.8,0.02,-2035.2,-0.20,4098.6,0.41
105,Exit long,2021-03-19 16:05,Cierre forzoso fin sesión,32765,30.7,1003398.8,2486.7,0.25,3131.4,0.31,-245.6,-0.02,6585.3,0.66
105,Entry long,2021-03-19 15:35,Long,32684,30.7,1003398.8,2486.7,0.25,3131.4,0.31,-245.6,-0.02,6585.3,0.66
106,Exit short,2021-03-24 16:05,Cierre forzoso fin sesión,32754,30.7,1004319.8,-1228,-0.12,0,0.00,-1381.5,-0.14,5357.3,0.54
106,Entry short,2021-03-24 16:00,Short,32714,30.7,1004319.8,-1228,-0.12,0,0.00,-1381.5,-0.14,5357.3,0.54
107,Exit long,2021-03-30 15:45,Exit Long Trailing,33091,30.4,1005297.6,668.8,0.07,699.2,0.07,-152,-0.02,6026.1,0.60
107,Entry long,2021-03-30 15:40,Long,33069,30.4,1005297.6,668.8,0.07,699.2,0.07,-152,-0.02,6026.1,0.60
108,Exit short,2021-04-05 15:45,Exit Short Trailing,33584,29.9,1003952.3,-209.3,-0.02,89.7,0.01,-239.2,-0.02,5816.8,0.58
108,Entry short,2021-04-05 15:40,Short,33577,29.9,1003952.3,-209.3,-0.02,89.7,0.01,-239.2,-0.02,5816.8,0.58
109,Exit long,2021-04-20 15:50,Exit Long Trailing,33767,29.7,1004008.5,-1128.6,-0.11,178.2,0.02,-1128.6,-0.11,4688.2,0.47
109,Entry long,2021-04-20 15:45,Long,33805,29.7,1004008.5,-1128.6,-0.11,178.2,0.02,-1128.6,-0.11,4688.2,0.47
110,Exit short,2021-04-23 16:05,Cierre forzoso fin sesión,33995,29.5,1002587,-265.5,-0.03,0,0.00,-413,-0.04,4422.7,0.44
110,Entry short,2021-04-23 16:00,Short,33986,29.5,1002587,-265.5,-0.03,0,0.00,-413,-0.04,4422.7,0.44
111,Exit long,2021-04-28 15:40,Exit Long Trailing,33883,29.6,1002581.6,355.2,0.04,414.4,0.04,-29.6,0.00,4777.9,0.48
111,Entry long,2021-04-28 15:35,Long,33871,29.6,1002581.6,355.2,0.04,414.4,0.04,-29.6,0.00,4777.9,0.48
112,Exit long,2021-05-12 15:50,Exit Long Trailing,33911,29.5,1003295,-2920.5,-0.29,0,0.00,-2920.5,-0.29,1857.4,0.19
112,Entry long,2021-05-12 15:45,Long,34010,29.5,1003295,-2920.5,-0.29,0,0.00,-2920.5,-0.29,1857.4,0.19
113,Exit short,2021-05-13 16:05,Cierre forzoso fin sesión,34003,29.4,998688.6,-999.6,-0.10,411.6,0.04,-2146.2,-0.21,857.8,0.09
113,Entry short,2021-05-13 15:45,Short,33969,29.4,998688.6,-999.6,-0.10,411.6,0.04,-2146.2,-0.21,857.8,0.09
114,Exit long,2021-05-18 15:45,Exit Long Trailing,34250,29.2,1000742.4,-642.4,-0.06,87.6,0.01,-1051.2,-0.11,215.4,0.02
114,Entry long,2021-05-18 15:40,Long,34272,29.2,1000742.4,-642.4,-0.06,87.6,0.01,-1051.2,-0.11,215.4,0.02
115,Exit long,2021-05-19 16:05,Cierre forzoso fin sesión,33715,29.6,997993.6,-29.6,0.00,29.6,0.00,-858.4,-0.09,185.8,0.02
115,Entry long,2021-05-19 16:00,Long,33716,29.6,997993.6,-29.6,0.00,29.6,0.00,-858.4,-0.09,185.8,0.02
116,Exit long,2021-06-18 16:05,Cierre forzoso fin sesión,33421,29.9,999377.6,-89.7,-0.01,1136.2,0.11,-538.2,-0.05,96.1,0.01
116,Entry long,2021-06-18 15:35,Long,33424,29.9,999377.6,-89.7,-0.01,1136.2,0.11,-538.2,-0.05,96.1,0.01
117,Exit short,2021-07-02 15:55,Exit Short Trailing,34746,28.7,996923.2,-287,-0.03,28.7,0.00,-545.3,-0.05,-190.9,-0.02
117,Entry short,2021-07-02 15:50,Short,34736,28.7,996923.2,-287,-0.03,28.7,0.00,-545.3,-0.05,-190.9,-0.02
118,Exit short,2021-07-12 16:00,Exit Short Trailing,34967,28.6,999055.2,-1001,-0.10,286,0.03,-1001,-0.10,-1191.9,-0.12
118,Entry short,2021-07-12 15:35,Short,34932,28.6,999055.2,-1001,-0.10,286,0.03,-1001,-0.10,-1191.9,-0.12
119,Exit short,2021-07-13 15:55,Exit Short Trailing,34990,28.5,996987,-228,-0.02,171,0.02,-313.5,-0.03,-1419.9,-0.14
119,Entry short,2021-07-13 15:50,Short,34982,28.5,996987,-228,-0.02,171,0.02,-313.5,-0.03,-1419.9,-0.14
120,Exit short,2021-07-23 16:05,Cierre forzoso fin sesión,35013,28.5,997614,-256.5,-0.03,0,0.00,-712.5,-0.07,-1676.4,-0.17
120,Entry short,2021-07-23 16:00,Short,35004,28.5,997614,-256.5,-0.03,0,0.00,-712.5,-0.07,-1676.4,-0.17
121,Exit long,2021-09-07 15:50,Exit Long Trailing,35105,28.4,997777.2,-795.2,-0.08,113.6,0.01,-795.2,-0.08,-2471.6,-0.25
121,Entry long,2021-09-07 15:40,Long,35133,28.4,997777.2,-795.2,-0.08,113.6,0.01,-795.2,-0.08,-2471.6,-0.25
122,Exit long,2021-09-10 16:05,Cierre forzoso fin sesión,34800,28.6,994565,715,0.07,886.6,0.09,-829.4,-0.08,-1756.6,-0.18
122,Entry long,2021-09-10 15:35,Long,34775,28.6,994565,715,0.07,886.6,0.09,-829.4,-0.08,-1756.6,-0.18
123,Exit short,2021-09-15 16:05,Cierre forzoso fin sesión,34692,28.7,996148.3,487.9,0.05,861,0.09,-28.7,0.00,-1268.7,-0.13
123,Entry short,2021-09-15 16:00,Short,34709,28.7,996148.3,487.9,0.05,861,0.09,-28.7,0.00,-1268.7,-0.13
124,Exit long,2021-09-16 16:05,Cierre forzoso fin sesión,34624,28.8,997891.2,-720,-0.07,259.2,0.03,-748.8,-0.08,-1988.7,-0.20
124,Entry long,2021-09-16 16:00,Long,34649,28.8,997891.2,-720,-0.07,259.2,0.03,-748.8,-0.08,-1988.7,-0.20
125,Exit short,2021-09-22 15:40,Exit Short Trailing,34349,29,995657,-464,-0.05,58,0.01,-696,-0.07,-2452.7,-0.25
125,Entry short,2021-09-22 15:35,Short,34333,29,995657,-464,-0.05,58,0.01,-696,-0.07,-2452.7,-0.25
126,Exit long,2021-09-28 15:50,Exit Long Trailing,34382,29,997397,-319,-0.03,522,0.05,-609,-0.06,-2771.7,-0.28
126,Entry long,2021-09-28 15:45,Long,34393,29,997397,-319,-0.03,522,0.05,-609,-0.06,-2771.7,-0.28
127,Exit long,2021-09-30 15:40,Exit Long Trailing,34147,29.1,995045.4,-1367.7,-0.14,174.6,0.02,-1920.6,-0.19,-4139.4,-0.41
127,Entry long,2021-09-30 15:35,Long,34194,29.1,995045.4,-1367.7,-0.14,174.6,0.02,-1920.6,-0.19,-4139.4,-0.41
128,Exit short,2021-10-05 16:05,Cierre forzoso fin sesión,34424,28.9,994477.9,-375.7,-0.04,953.7,0.10,-549.1,-0.06,-4515.1,-0.45
128,Entry short,2021-10-05 15:40,Short,34411,28.9,994477.9,-375.7,-0.04,953.7,0.10,-549.1,-0.06,-4515.1,-0.45
129,Exit long,2021-10-13 16:05,Cierre forzoso fin sesión,34235,29,994091,-1276,-0.13,406,0.04,-1392,-0.14,-5791.1,-0.58
129,Entry long,2021-10-13 15:50,Long,34279,29,994091,-1276,-0.13,406,0.04,-1392,-0.14,-5791.1,-0.58
130,Exit short,2021-10-28 16:05,Cierre forzoso fin sesión,35641,27.9,993853.8,-530.1,-0.05,530.1,0.05,-613.8,-0.06,-6321.2,-0.63
130,Entry short,2021-10-28 15:50,Short,35622,27.9,993853.8,-530.1,-0.05,530.1,0.05,-613.8,-0.06,-6321.2,-0.63
131,Exit short,2021-11-05 16:05,Cierre forzoso fin sesión,36365,27.3,993447,682.5,0.07,1310.4,0.13,-655.2,-0.07,-5638.7,-0.56
131,Entry short,2021-11-05 15:45,Short,36390,27.3,993447,682.5,0.07,1310.4,0.13,-655.2,-0.07,-5638.7,-0.56
132,Exit long,2021-12-17 16:05,Cierre forzoso fin sesión,35562,28,993524,2212,0.22,5236,0.53,0,0.00,-3426.7,-0.34
132,Entry long,2021-12-17 15:35,Long,35483,28,993524,2212,0.22,5236,0.53,0,0.00,-3426.7,-0.34
133,Exit long,2021-12-31 15:40,Exit Long Trailing,36355,27.4,996264,-137,-0.01,602.8,0.06,-383.6,-0.04,-3563.7,-0.36
133,Entry long,2021-12-31 15:35,Long,36360,27.4,996264,-137,-0.01,602.8,0.06,-383.6,-0.04,-3563.7,-0.36
134,Exit short,2022-01-13 16:00,Exit Short Trailing,36435,27.3,993146.7,-1528.8,-0.15,27.3,0.00,-1528.8,-0.15,-5092.5,-0.51
134,Entry short,2022-01-13 15:55,Short,36379,27.3,993146.7,-1528.8,-0.15,27.3,0.00,-1528.8,-0.15,-5092.5,-0.51
135,Exit short,2022-02-08 15:55,Exit Short Trailing,35236,28.2,993429.6,-225.6,-0.02,592.2,0.06,-535.8,-0.05,-5318.1,-0.53
135,Entry short,2022-02-08 15:50,Short,35228,28.2,993429.6,-225.6,-0.02,592.2,0.06,-535.8,-0.05,-5318.1,-0.53
136,Exit short,2022-02-10 15:45,Exit Short Trailing,35780,27.7,991355.3,249.3,0.03,997.2,0.10,-387.8,-0.04,-5068.8,-0.51
136,Entry short,2022-02-10 15:40,Short,35789,27.7,991355.3,249.3,0.03,997.2,0.10,-387.8,-0.04,-5068.8,-0.51
137,Exit short,2022-03-14 16:05,Cierre forzoso fin sesión,33142,29.9,993068.7,2122.9,0.21,2362.1,0.24,-239.2,-0.02,-2945.9,-0.29
137,Entry short,2022-03-14 15:45,Short,33213,29.9,993068.7,2122.9,0.21,2362.1,0.24,-239.2,-0.02,-2945.9,-0.29
138,Exit short,2022-03-17 15:55,Exit Short Trailing,34102,29.2,993968,-1810.4,-0.18,204.4,0.02,-1927.2,-0.19,-4756.3,-0.48
138,Entry short,2022-03-17 15:50,Short,34040,29.2,993968,-1810.4,-0.18,204.4,0.02,-1927.2,-0.19,-4756.3,-0.48
139,Exit short,2022-03-18 16:05,Cierre forzoso fin sesión,34384,28.9,991905.8,-1791.8,-0.18,57.8,0.01,-1791.8,-0.18,-6548.1,-0.65
139,Entry short,2022-03-18 15:55,Short,34322,28.9,991905.8,-1791.8,-0.18,57.8,0.01,-1791.8,-0.18,-6548.1,-0.65
140,Exit long,2022-03-28 15:55,Exit Long Trailing,34590,28.7,992474.7,258.3,0.03,688.8,0.07,-401.8,-0.04,-6289.8,-0.63
140,Entry long,2022-03-28 15:50,Long,34581,28.7,992474.7,258.3,0.03,688.8,0.07,-401.8,-0.04,-6289.8,-0.63
141,Exit long,2022-03-31 15:40,Exit Long Trailing,35102,28.3,992933.8,452.8,0.05,622.6,0.06,-537.7,-0.05,-5837,-0.58
141,Entry long,2022-03-31 15:35,Long,35086,28.3,992933.8,452.8,0.05,622.6,0.06,-537.7,-0.05,-5837,-0.58
142,Exit long,2022-04-01 15:50,Exit Long Trailing,34652,28.6,990789.8,257.4,0.03,715,0.07,-371.8,-0.04,-5579.6,-0.56
142,Entry long,2022-04-01 15:45,Long,34643,28.6,990789.8,257.4,0.03,715,0.07,-371.8,-0.04,-5579.6,-0.56
143,Exit long,2022-04-06 16:05,Cierre forzoso fin sesión,34461,28.8,991929.6,547.2,0.06,1094.4,0.11,0,0.00,-5032.4,-0.50
143,Entry long,2022-04-06 15:50,Long,34442,28.8,991929.6,547.2,0.06,1094.4,0.11,0,0.00,-5032.4,-0.50
144,Exit short,2022-04-12 16:05,Cierre forzoso fin sesión,34535,28.7,991929.4,774.9,0.08,975.8,0.10,-459.2,-0.05,-4257.5,-0.43
144,Entry short,2022-04-12 15:40,Short,34562,28.7,991929.4,774.9,0.08,975.8,0.10,-459.2,-0.05,-4257.5,-0.43
145,Exit long,2022-04-26 16:05,Cierre forzoso fin sesión,33503,29.7,994237.2,801.9,0.08,1009.8,0.10,-118.8,-0.01,-3455.6,-0.35
145,Entry long,2022-04-26 16:00,Long,33476,29.7,994237.2,801.9,0.08,1009.8,0.10,-118.8,-0.01,-3455.6,-0.35
146,Exit long,2022-05-04 16:05,Cierre forzoso fin sesión,33119,30,994230,-660,-0.07,660,0.07,-960,-0.10,-4115.6,-0.41
146,Entry long,2022-05-04 15:50,Long,33141,30,994230,-660,-0.07,660,0.07,-960,-0.10,-4115.6,-0.41
147,Exit long,2022-05-24 16:05,Cierre forzoso fin sesión,31628,31.5,992911.5,3370.5,0.34,4662,0.47,-63,-0.01,-745.1,-0.07
147,Entry long,2022-05-24 15:45,Long,31521,31.5,992911.5,3370.5,0.34,4662,0.47,-63,-0.01,-745.1,-0.07
148,Exit long,2022-06-01 15:50,Exit Long Trailing,32614,30.6,998692.2,-703.8,-0.07,734.4,0.07,-734.4,-0.07,-1448.9,-0.14
148,Entry long,2022-06-01 15:45,Long,32637,30.6,998692.2,-703.8,-0.07,734.4,0.07,-734.4,-0.07,-1448.9,-0.14
149,Exit long,2022-06-03 15:55,Exit Long Trailing,32874,30.3,996536.7,-454.5,-0.05,303,0.03,-757.5,-0.08,-1903.4,-0.19
149,Entry long,2022-06-03 15:50,Long,32889,30.3,996536.7,-454.5,-0.05,303,0.03,-757.5,-0.08,-1903.4,-0.19
150,Exit long,2022-06-09 15:50,Exit Long Trailing,32750,30.4,997636.8,-2036.8,-0.20,456,0.05,-2188.8,-0.22,-3940.2,-0.39
150,Entry long,2022-06-09 15:45,Long,32817,30.4,997636.8,-2036.8,-0.20,456,0.05,-2188.8,-0.22,-3940.2,-0.39
151,Exit short,2022-06-20 16:00,Exit Short Trailing,30187,32.9,993777.4,625.1,0.06,625.1,0.06,-1612.1,-0.16,-3315.1,-0.33
151,Entry short,2022-06-20 15:55,Short,30206,32.9,993777.4,625.1,0.06,625.1,0.06,-1612.1,-0.16,-3315.1,-0.33
152,Exit short,2022-06-22 16:05,Cierre forzoso fin sesión,30518,32.5,994402.5,2567.5,0.26,3055,0.31,-422.5,-0.04,-747.6,-0.07
152,Entry short,2022-06-22 15:45,Short,30597,32.5,994402.5,2567.5,0.26,3055,0.31,-422.5,-0.04,-747.6,-0.07
153,Exit long,2022-07-05 16:05,Cierre forzoso fin sesión,30531,32.7,998592.6,-228.9,-0.02,1308,0.13,-817.5,-0.08,-976.5,-0.10
153,Entry long,2022-07-05 15:45,Long,30538,32.7,998592.6,-228.9,-0.02,1308,0.13,-817.5,-0.08,-976.5,-0.10
154,Exit long,2022-07-14 16:05,Cierre forzoso fin sesión,30473,32.7,996499.8,-32.7,0.00,555.9,0.06,-1013.7,-0.10,-1009.2,-0.10
154,Entry long,2022-07-14 15:45,Long,30474,32.7,996499.8,-32.7,0.00,555.9,0.06,-1013.7,-0.10,-1009.2,-0.10
155,Exit long,2022-07-21 16:05,Cierre forzoso fin sesión,31818,31.4,998049,1036.2,0.10,1224.6,0.12,-1318.8,-0.13,27,0.00
155,Entry long,2022-07-21 15:35,Long,31785,31.4,998049,1036.2,0.10,1224.6,0.12,-1318.8,-0.13,27,0.00
156,Exit long,2022-08-04 15:45,Exit Long Trailing,32698,30.6,999579.6,979.2,0.10,1224,0.12,-153,-0.02,1006.2,0.10
156,Entry long,2022-08-04 15:40,Long,32666,30.6,999579.6,979.2,0.10,1224,0.12,-153,-0.02,1006.2,0.10
157,Exit short,2022-08-08 15:55,Exit Short Trailing,32948,30.4,1000433.6,-1185.6,-0.12,1976,0.20,-1185.6,-0.12,-179.4,-0.02
157,Entry short,2022-08-08 15:40,Short,32909,30.4,1000433.6,-1185.6,-0.12,1976,0.20,-1185.6,-0.12,-179.4,-0.02
158,Exit short,2022-08-15 15:50,Exit Short Trailing,33860,29.5,997572,-1298,-0.13,29.5,0.00,-1298,-0.13,-1477.4,-0.15
158,Entry short,2022-08-15 15:45,Short,33816,29.5,997572,-1298,-0.13,29.5,0.00,-1298,-0.13,-1477.4,-0.15
159,Exit short,2022-08-24 16:00,Exit Short Trailing,33074,30.1,996279.9,752.5,0.08,752.5,0.08,-120.4,-0.01,-724.9,-0.07
159,Entry short,2022-08-24 15:55,Short,33099,30.1,996279.9,752.5,0.08,752.5,0.08,-120.4,-0.01,-724.9,-0.07
160,Exit short,2022-09-09 15:45,Exit Short Trailing,32107,31.1,998994.2,466.5,0.05,870.8,0.09,-404.3,-0.04,-258.4,-0.03
160,Entry short,2022-09-09 15:40,Short,32122,31.1,998994.2,466.5,0.05,870.8,0.09,-404.3,-0.04,-258.4,-0.03
161,Exit short,2022-09-12 15:55,Exit Short Trailing,32352,30.8,998998,2556.4,0.26,2556.4,0.26,-431.2,-0.04,2298,0.23
161,Entry short,2022-09-12 15:40,Short,32435,30.8,998998,2556.4,0.26,2556.4,0.26,-431.2,-0.04,2298,0.23
162,Exit long,2022-09-20 16:05,Cierre forzoso fin sesión,30817,32.5,1000512.5,1040,0.10,1202.5,0.12,-97.5,-0.01,3338,0.33
162,Entry long,2022-09-20 15:55,Long,30785,32.5,1000512.5,1040,0.10,1202.5,0.12,-97.5,-0.01,3338,0.33
163,Exit long,2022-09-22 15:55,Exit Long Trailing,30058,33.3,1003262.4,-2331,-0.23,632.7,0.06,-2331,-0.23,1007,0.10
163,Entry long,2022-09-22 15:50,Long,30128,33.3,1003262.4,-2331,-0.23,632.7,0.06,-2331,-0.23,1007,0.10
164,Exit short,2022-10-11 15:50,Exit Short Trailing,29513,33.9,999270.3,-1220.4,-0.12,271.2,0.03,-1932.3,-0.19,-213.4,-0.02
164,Entry short,2022-10-11 15:45,Short,29477,33.9,999270.3,-1220.4,-0.12,271.2,0.03,-1932.3,-0.19,-213.4,-0.02
165,Exit short,2022-10-26 16:00,Exit Short Trailing,32152,31.1,998683.2,-1244,-0.12,342.1,0.03,-1244,-0.12,-1457.4,-0.15
165,Entry short,2022-10-26 15:55,Short,32112,31.1,998683.2,-1244,-0.12,342.1,0.03,-1244,-0.12,-1457.4,-0.15
166,Exit long,2022-11-30 15:55,Exit Long Trailing,33626,29.6,995507.2,-177.6,-0.02,621.6,0.06,-532.8,-0.05,-1635,-0.16
166,Entry long,2022-11-30 15:50,Long,33632,29.6,995507.2,-177.6,-0.02,621.6,0.06,-532.8,-0.05,-1635,-0.16
167,Exit long,2022-12-09 16:05,Cierre forzoso fin sesión,33806,29.5,995389,1888,0.19,2124,0.21,-1711,-0.17,253,0.03
167,Entry long,2022-12-09 15:40,Long,33742,29.5,995389,1888,0.19,2124,0.21,-1711,-0.17,253,0.03
168,Exit long,2022-12-22 16:00,Exit Long Trailing,32900,30.3,997748.7,-878.7,-0.09,1060.5,0.11,-878.7,-0.09,-625.7,-0.06
168,Entry long,2022-12-22 15:50,Long,32929,30.3,997748.7,-878.7,-0.09,1060.5,0.11,-878.7,-0.09,-625.7,-0.06
169,Exit long,2023-01-03 16:05,Cierre forzoso fin sesión,33111,30.1,997393.6,-752.5,-0.08,541.8,0.05,-812.7,-0.08,-1378.2,-0.14
169,Entry long,2023-01-03 16:00,Long,33136,30.1,997393.6,-752.5,-0.08,541.8,0.05,-812.7,-0.08,-1378.2,-0.14
170,Exit long,2023-01-05 16:00,Exit Long Trailing,32882,30.3,996809.4,-484.8,-0.05,484.8,0.05,-787.8,-0.08,-1863,-0.19
170,Entry long,2023-01-05 15:55,Long,32898,30.3,996809.4,-484.8,-0.05,484.8,0.05,-787.8,-0.08,-1863,-0.19
171,Exit long,2023-02-01 15:45,Exit Long Trailing,33811,29.4,995190,-1146.6,-0.12,499.8,0.05,-1146.6,-0.12,-3009.6,-0.30
171,Entry long,2023-02-01 15:40,Long,33850,29.4,995190,-1146.6,-0.12,499.8,0.05,-1146.6,-0.12,-3009.6,-0.30
172,Exit long,2023-02-01 16:05,Cierre forzoso fin sesión,33753,29.5,995005.5,708,0.07,885,0.09,-1091.5,-0.11,-2301.6,-0.23
172,Entry long,2023-02-01 15:55,Long,33729,29.5,995005.5,708,0.07,885,0.09,-1091.5,-0.11,-2301.6,-0.23
173,Exit long,2023-02-07 16:05,Cierre forzoso fin sesión,33728,29.5,995300.5,-324.5,-0.03,442.5,0.04,-354,-0.04,-2626.1,-0.26
173,Entry long,2023-02-07 16:00,Long,33739,29.5,995300.5,-324.5,-0.03,442.5,0.04,-354,-0.04,-2626.1,-0.26
174,Exit long,2023-02-14 15:45,Exit Long Trailing,34032,29.3,997166.9,-29.3,0.00,673.9,0.07,-791.1,-0.08,-2655.4,-0.27
174,Entry long,2023-02-14 15:40,Long,34033,29.3,997166.9,-29.3,0.00,673.9,0.07,-791.1,-0.08,-2655.4,-0.27
175,Exit short,2023-02-23 15:45,Exit Short Trailing,33117,30,995100,1590,0.16,1590,0.16,0,0.00,-1065.4,-0.11
175,Entry short,2023-02-23 15:40,Short,33170,30,995100,1590,0.16,1590,0.16,0,0.00,-1065.4,-0.11
176,Exit long,2023-02-23 15:55,Exit Long Trailing,33040,30.2,998110,-302,-0.03,181.2,0.02,-664.4,-0.07,-1367.4,-0.14
176,Entry long,2023-02-23 15:50,Long,33050,30.2,998110,-302,-0.03,181.2,0.02,-664.4,-0.07,-1367.4,-0.14
177,Exit short,2023-02-27 16:05,Cierre forzoso fin sesión,32994,30.2,997808,1389.2,0.14,2597.2,0.26,0,0.00,21.8,0.00
177,Entry short,2023-02-27 15:40,Short,33040,30.2,997808,1389.2,0.14,2597.2,0.26,0,0.00,21.8,0.00
178,Exit long,2023-02-28 16:05,Cierre forzoso fin sesión,32777,30.5,998539.5,1159,0.12,1769,0.18,-213.5,-0.02,1180.8,0.12
178,Entry long,2023-02-28 16:00,Long,32739,30.5,998539.5,1159,0.12,1769,0.18,-213.5,-0.02,1180.8,0.12
179,Exit short,2023-03-14 16:05,Cierre forzoso fin sesión,32171,31,998324,1023,0.10,1085,0.11,-1147,-0.11,2203.8,0.22
179,Entry short,2023-03-14 15:50,Short,32204,31,998324,1023,0.10,1085,0.11,-1147,-0.11,2203.8,0.22
180,Exit short,2023-04-05 15:40,Exit Short Trailing,33473,29.9,1000603.5,-239.2,-0.02,29.9,0.00,-777.4,-0.08,1964.6,0.20
180,Entry short,2023-04-05 15:35,Short,33465,29.9,1000603.5,-239.2,-0.02,29.9,0.00,-777.4,-0.08,1964.6,0.20
181,Exit short,2023-04-13 16:05,Cierre forzoso fin sesión,33828,29.6,1001012.8,-296,-0.03,0,0.00,-532.8,-0.05,1668.6,0.17
181,Entry short,2023-04-13 16:00,Short,33818,29.6,1001012.8,-296,-0.03,0,0.00,-532.8,-0.05,1668.6,0.17
182,Exit short,2023-04-24 16:05,Cierre forzoso fin sesión,33777,29.6,999088.8,-710.4,-0.07,325.6,0.03,-740,-0.07,958.2,0.10
182,Entry short,2023-04-24 15:45,Short,33753,29.6,999088.8,-710.4,-0.07,325.6,0.03,-740,-0.07,958.2,0.10
183,Exit long,2023-05-02 15:50,Exit Long Trailing,33502,29.8,999104.6,-745,-0.07,745,0.07,-745,-0.07,213.2,0.02
183,Entry long,2023-05-02 15:45,Long,33527,29.8,999104.6,-745,-0.07,745,0.07,-745,-0.07,213.2,0.02
184,Exit long,2023-05-03 16:05,Cierre forzoso fin sesión,33682,29.7,1000117.8,237.6,0.02,386.1,0.04,-178.2,-0.02,450.8,0.05
184,Entry long,2023-05-03 16:00,Long,33674,29.7,1000117.8,237.6,0.02,386.1,0.04,-178.2,-0.02,450.8,0.05
185,Exit long,2023-05-11 15:45,Exit Long Trailing,33296,30,997740,1140,0.11,1650,0.17,-150,-0.02,1590.8,0.16
185,Entry long,2023-05-11 15:40,Long,33258,30,997740,1140,0.11,1650,0.17,-150,-0.02,1590.8,0.16
186,Exit long,2023-05-12 16:05,Cierre forzoso fin sesión,33226,30.1,1001547.4,-1444.8,-0.14,301,0.03,-1565.2,-0.16,146,0.01
186,Entry long,2023-05-12 16:00,Long,33274,30.1,1001547.4,-1444.8,-0.14,301,0.03,-1565.2,-0.16,146,0.01
187,Exit long,2023-05-16 15:45,Exit Long Trailing,33108,30.2,999740.8,120.8,0.01,604,0.06,-302,-0.03,266.8,0.03
187,Entry long,2023-05-16 15:40,Long,33104,30.2,999740.8,120.8,0.01,604,0.06,-302,-0.03,266.8,0.03
188,Exit long,2023-05-22 16:05,Cierre forzoso fin sesión,33366,29.9,997493.9,149.5,0.01,867.1,0.09,-239.2,-0.02,416.3,0.04
188,Entry long,2023-05-22 15:55,Long,33361,29.9,997493.9,149.5,0.01,867.1,0.09,-239.2,-0.02,416.3,0.04
189,Exit short,2023-06-08 16:05,Cierre forzoso fin sesión,33725,29.6,998467.2,207.2,0.02,947.2,0.09,-296,-0.03,623.5,0.06
189,Entry short,2023-06-08 15:50,Short,33732,29.6,998467.2,207.2,0.02,947.2,0.09,-296,-0.03,623.5,0.06
190,Exit long,2023-06-20 15:50,Exit Long Trailing,33999,29.4,998688.6,882,0.09,970.2,0.10,-88.2,-0.01,1505.5,0.15
190,Entry long,2023-06-20 15:45,Long,33969,29.4,998688.6,882,0.09,970.2,0.10,-88.2,-0.01,1505.5,0.15
191,Exit long,2023-07-06 16:05,Cierre forzoso fin sesión,33843,29.6,1001012.8,740,0.07,858.4,0.09,-503.2,-0.05,2245.5,0.22
191,Entry long,2023-07-06 15:35,Long,33818,29.6,1001012.8,740,0.07,858.4,0.09,-503.2,-0.05,2245.5,0.22
192,Exit short,2023-07-17 16:05,Cierre forzoso fin sesión,34581,28.9,999679.9,289,0.03,433.5,0.04,-115.6,-0.01,2534.5,0.25
192,Entry short,2023-07-17 16:00,Short,34591,28.9,999679.9,289,0.03,433.5,0.04,-115.6,-0.01,2534.5,0.25
193,Exit short,2023-07-18 15:55,Exit Short Trailing,34966,28.6,1000399.4,371.8,0.04,457.6,0.05,-343.2,-0.03,2906.3,0.29
193,Entry short,2023-07-18 15:50,Short,34979,28.6,1000399.4,371.8,0.04,457.6,0.05,-343.2,-0.03,2906.3,0.29
194,Exit short,2023-08-04 15:50,Exit Short Trailing,35441,28.2,999323.4,-112.8,-0.01,141,0.01,-253.8,-0.03,2793.5,0.28
194,Entry short,2023-08-04 15:45,Short,35437,28.2,999323.4,-112.8,-0.01,141,0.01,-253.8,-0.03,2793.5,0.28
195,Exit short,2023-08-11 16:05,Cierre forzoso fin sesión,35280,28.4,1001923.6,-28.4,0.00,482.8,0.05,-454.4,-0.05,2765.1,0.28
195,Entry short,2023-08-11 16:00,Short,35279,28.4,1001923.6,-28.4,0.00,482.8,0.05,-454.4,-0.05,2765.1,0.28
196,Exit long,2023-08-22 15:45,Exit Long Trailing,34348,29.1,999846.9,-320.1,-0.03,378.3,0.04,-320.1,-0.03,2445,0.24
196,Entry long,2023-08-22 15:40,Long,34359,29.1,999846.9,-320.1,-0.03,378.3,0.04,-320.1,-0.03,2445,0.24
197,Exit short,2023-09-14 16:00,Exit Short Trailing,34833.9,28.7,999833.38,100.45,0.01,172.2,0.02,-86.1,-0.01,2545.45,0.25
197,Entry short,2023-09-14 15:55,Short,34837.4,28.7,999833.38,100.45,0.01,172.2,0.02,-86.1,-0.01,2545.45,0.25
198,Exit long,2023-10-03 15:40,Exit Long Trailing,33012.2,30.3,999851.52,418.14,0.04,454.5,0.05,-484.8,-0.05,2963.59,0.30
198,Entry long,2023-10-03 15:35,Long,32998.4,30.3,999851.52,418.14,0.04,454.5,0.05,-484.8,-0.05,2963.59,0.30
199,Exit long,2023-10-12 16:05,Cierre forzoso fin sesión,33763.5,29.7,1001988.9,787.05,0.08,1707.75,0.17,-341.55,-0.03,3750.64,0.38
199,Entry long,2023-10-12 15:55,Long,33737,29.7,1001988.9,787.05,0.08,1707.75,0.17,-341.55,-0.03,3750.64,0.38
200,Exit short,2023-10-16 16:05,Cierre forzoso fin sesión,34001.8,29.5,1003215.35,162.25,0.02,1047.25,0.10,-575.25,-0.06,3912.89,0.39
200,Entry short,2023-10-16 15:40,Short,34007.3,29.5,1003215.35,162.25,0.02,1047.25,0.10,-575.25,-0.06,3912.89,0.39
201,Exit short,2023-10-24 16:05,Cierre forzoso fin sesión,33147.9,30.2,1001217.58,151,0.02,739.9,0.07,-558.7,-0.06,4063.89,0.41
201,Entry short,2023-10-24 16:00,Short,33152.9,30.2,1001217.58,151,0.02,739.9,0.07,-558.7,-0.06,4063.89,0.41
202,Exit long,2023-10-27 15:40,Exit Long Trailing,32670.4,30.7,1002520.78,460.5,0.05,1320.1,0.13,-307,-0.03,4524.39,0.45
202,Entry long,2023-10-27 15:35,Long,32655.4,30.7,1002520.78,460.5,0.05,1320.1,0.13,-307,-0.03,4524.39,0.45
203,Exit long,2023-12-18 16:05,Cierre forzoso fin sesión,37313.2,26.9,1003738.53,-13.45,0.00,80.7,0.01,-282.45,-0.03,4510.94,0.45
203,Entry long,2023-12-18 16:00,Long,37313.7,26.9,1003738.53,-13.45,0.00,80.7,0.01,-282.45,-0.03,4510.94,0.45
204,Exit long,2023-12-29 16:05,Cierre forzoso fin sesión,37692.7,26.6,1002413.02,212.8,0.02,425.6,0.04,-625.1,-0.06,4723.74,0.47
204,Entry long,2023-12-29 15:50,Long,37684.7,26.6,1002413.02,212.8,0.02,425.6,0.04,-625.1,-0.06,4723.74,0.47
205,Exit long,2024-01-23 15:40,Exit Long Trailing,37887.9,26.5,1004082.35,-53,-0.01,145.75,0.01,-490.25,-0.05,4670.74,0.47
205,Entry long,2024-01-23 15:35,Long,37889.9,26.5,1004082.35,-53,-0.01,145.75,0.01,-490.25,-0.05,4670.74,0.47
206,Exit long,2024-02-02 16:05,Cierre forzoso fin sesión,38467.9,26,1000854.4,-689,-0.07,455,0.05,-1248,-0.12,3981.74,0.40
206,Entry long,2024-02-02 15:45,Long,38494.4,26,1000854.4,-689,-0.07,455,0.05,-1248,-0.12,3981.74,0.40
207,Exit short,2024-03-18 16:05,Cierre forzoso fin sesión,38842.6,25.8,1002954.36,815.28,0.08,815.28,0.08,-526.32,-0.05,4797.02,0.48
207,Entry short,2024-03-18 15:35,Short,38874.2,25.8,1002954.36,815.28,0.08,815.28,0.08,-526.32,-0.05,4797.02,0.48
208,Exit short,2024-03-19 16:05,Cierre forzoso fin sesión,39005.5,25.7,1002351.4,-89.95,-0.01,231.3,0.02,-578.25,-0.06,4707.07,0.47
208,Entry short,2024-03-19 15:35,Short,39002,25.7,1002351.4,-89.95,-0.01,231.3,0.02,-578.25,-0.06,4707.07,0.47
209,Exit long,2024-04-01 16:00,Exit Long Trailing,39486.8,25.4,1003231.42,-266.7,-0.03,215.9,0.02,-292.1,-0.03,4440.37,0.44
209,Entry long,2024-04-01 15:55,Long,39497.3,25.4,1003231.42,-266.7,-0.03,215.9,0.02,-292.1,-0.03,4440.37,0.44
210,Exit short,2024-04-03 16:05,Cierre forzoso fin sesión,39201.1,25.6,1004093.44,545.28,0.05,844.8,0.08,-166.4,-0.02,4985.65,0.50
210,Entry short,2024-04-03 15:55,Short,39222.4,25.6,1004093.44,545.28,0.05,844.8,0.08,-166.4,-0.02,4985.65,0.50
211,Exit long,2024-04-10 15:45,Exit Long Trailing,38372.8,26.1,1002039.03,-508.95,-0.05,104.4,0.01,-743.85,-0.07,4476.7,0.45
211,Entry long,2024-04-10 15:40,Long,38392.3,26.1,1002039.03,-508.95,-0.05,104.4,0.01,-743.85,-0.07,4476.7,0.45
212,Exit long,2024-04-11 16:05,Cierre forzoso fin sesión,38353.3,26.1,1001660.58,-639.45,-0.06,247.95,0.02,-874.35,-0.09,3837.25,0.38
212,Entry long,2024-04-11 16:00,Long,38377.8,26.1,1001660.58,-639.45,-0.06,247.95,0.02,-874.35,-0.09,3837.25,0.38
213,Exit long,2024-04-22 16:00,Exit Long Trailing,38120.9,26.3,1000888.58,1691.09,0.17,1691.09,0.17,-118.35,-0.01,5528.34,0.55
213,Entry long,2024-04-22 15:50,Long,38056.6,26.3,1000888.58,1691.09,0.17,1691.09,0.17,-118.35,-0.01,5528.34,0.55
214,Exit long,2024-04-25 16:05,Cierre forzoso fin sesión,37916.5,26.5,1004562,225.25,0.02,251.75,0.03,-198.75,-0.02,5753.59,0.58
214,Entry long,2024-04-25 16:00,Long,37908,26.5,1004562,225.25,0.02,251.75,0.03,-198.75,-0.02,5753.59,0.58
215,Exit long,2024-04-30 16:05,Cierre forzoso fin sesión,38052.4,26.4,1005269.76,-686.4,-0.07,118.8,0.01,-990,-0.10,5067.19,0.51
215,Entry long,2024-04-30 16:00,Long,38078.4,26.4,1005269.76,-686.4,-0.07,118.8,0.01,-990,-0.10,5067.19,0.51
216,Exit short,2024-05-24 16:05,Cierre forzoso fin sesión,39171.9,25.6,1001776.64,-1024,-0.10,76.8,0.01,-1139.2,-0.11,4043.19,0.40
216,Entry short,2024-05-24 15:40,Short,39131.9,25.6,1001776.64,-1024,-0.10,76.8,0.01,-1139.2,-0.11,4043.19,0.40
217,Exit short,2024-05-27 16:05,Cierre forzoso fin sesión,39089.8,25.6,1000558.08,-140.8,-0.01,25.6,0.00,-281.6,-0.03,3902.39,0.39
217,Entry short,2024-05-27 16:00,Short,39084.3,25.6,1000558.08,-140.8,-0.01,25.6,0.00,-281.6,-0.03,3902.39,0.39
218,Exit short,2024-06-28 16:05,Cierre forzoso fin sesión,39223.4,25.5,1001101.95,905.25,0.09,1479,0.15,-127.5,-0.01,4807.64,0.48
218,Entry short,2024-06-28 15:45,Short,39258.9,25.5,1001101.95,905.25,0.09,1479,0.15,-127.5,-0.01,4807.64,0.48
219,Exit short,2024-07-05 15:50,Exit Short Trailing,39348.6,25.5,1003045.05,-344.25,-0.03,89.25,0.01,-344.25,-0.03,4463.39,0.45
219,Entry short,2024-07-05 15:45,Short,39335.1,25.5,1003045.05,-344.25,-0.03,89.25,0.01,-344.25,-0.03,4463.39,0.45
220,Exit short,2024-07-16 16:05,Cierre forzoso fin sesión,40759.1,24.6,1002518.88,-154.98,-0.02,1345.62,0.13,-590.4,-0.06,4308.41,0.43
220,Entry short,2024-07-16 15:35,Short,40752.8,24.6,1002518.88,-154.98,-0.02,1345.62,0.13,-590.4,-0.06,4308.41,0.43
221,Exit long,2024-07-29 15:40,Exit Long Trailing,40454.5,24.8,1002924.4,347.2,0.03,843.2,0.08,-446.4,-0.04,4655.61,0.47
221,Entry long,2024-07-29 15:35,Long,40440.5,24.8,1002924.4,347.2,0.03,843.2,0.08,-446.4,-0.04,4655.61,0.47
222,Exit short,2024-08-19 16:05,Cierre forzoso fin sesión,40797.8,24.6,1003982.58,356.7,0.04,405.9,0.04,-282.9,-0.03,5012.31,0.50
222,Entry short,2024-08-19 16:00,Short,40812.3,24.6,1003982.58,356.7,0.04,405.9,0.04,-282.9,-0.03,5012.31,0.50
223,Exit long,2024-08-20 16:05,Cierre forzoso fin sesión,40841.9,24.6,1004058.84,651.9,0.06,1242.3,0.12,-159.9,-0.02,5664.21,0.57
223,Entry long,2024-08-20 15:55,Long,40815.4,24.6,1004058.84,651.9,0.06,1242.3,0.12,-159.9,-0.02,5664.21,0.57
224,Exit long,2024-08-21 15:55,Exit Long Trailing,40803.2,24.6,1003980.12,-221.4,-0.02,98.4,0.01,-528.9,-0.05,5442.81,0.54
224,Entry long,2024-08-21 15:50,Long,40812.2,24.6,1003980.12,-221.4,-0.02,98.4,0.01,-528.9,-0.05,5442.81,0.54
225,Exit long,2024-09-20 16:05,Cierre forzoso fin sesión,41962,23.9,1003477.35,-585.55,-0.06,95.6,0.01,-1350.35,-0.13,4857.26,0.49
225,Entry long,2024-09-20 15:45,Long,41986.5,23.9,1003477.35,-585.55,-0.06,95.6,0.01,-1350.35,-0.13,4857.26,0.49
226,Exit long,2024-09-23 16:05,Cierre forzoso fin sesión,42076.6,23.8,1001553.98,-130.9,-0.01,23.8,0.00,-464.1,-0.05,4726.36,0.47
226,Entry long,2024-09-23 16:00,Long,42082.1,23.8,1001553.98,-130.9,-0.01,23.8,0.00,-464.1,-0.05,4726.36,0.47
227,Exit short,2024-11-01 16:05,Cierre forzoso fin sesión,42253,23.7,1001739.75,343.65,0.03,1528.65,0.15,0,0.00,5070.01,0.51
227,Entry short,2024-11-01 15:50,Short,42267.5,23.7,1001739.75,343.65,0.03,1528.65,0.15,0,0.00,5070.01,0.51
228,Exit long,2024-11-04 16:05,Cierre forzoso fin sesión,41904.8,23.9,1001978.82,-454.1,-0.05,203.15,0.02,-693.1,-0.07,4615.91,0.46
228,Entry long,2024-11-04 16:00,Long,41923.8,23.9,1001978.82,-454.1,-0.05,203.15,0.02,-693.1,-0.07,4615.91,0.46
229,Exit long,2024-12-23 15:50,Exit Long Trailing,42526.9,23.6,1003953.44,-318.6,-0.03,531,0.05,-826,-0.08,4297.31,0.43
229,Entry long,2024-12-23 15:45,Long,42540.4,23.6,1003953.44,-318.6,-0.03,531,0.05,-826,-0.08,4297.31,0.43
230,Exit short,2025-01-06 16:00,Exit Short Trailing,42934.7,23.3,1000879.46,500.95,0.05,582.5,0.06,-256.3,-0.03,4798.26,0.48
230,Entry short,2025-01-06 15:55,Short,42956.2,23.3,1000879.46,500.95,0.05,582.5,0.06,-256.3,-0.03,4798.26,0.48
231,Exit short,2025-01-13 15:45,Exit Short Trailing,42158.5,23.8,1002967.7,-404.6,-0.04,678.3,0.07,-749.7,-0.07,4393.66,0.44
231,Entry short,2025-01-13 15:40,Short,42141.5,23.8,1002967.7,-404.6,-0.04,678.3,0.07,-749.7,-0.07,4393.66,0.44
232,Exit short,2025-01-15 16:00,Exit Short Trailing,43192,23.2,1001196,-858.4,-0.09,1113.6,0.11,-1067.2,-0.11,3535.26,0.35
232,Entry short,2025-01-15 15:40,Short,43155,23.2,1001196,-858.4,-0.09,1113.6,0.11,-1067.2,-0.11,3535.26,0.35
233,Exit short,2025-01-23 15:50,Exit Short Trailing,44292.6,22.6,1001057.96,45.2,0.00,248.6,0.02,-226,-0.02,3580.46,0.36
233,Entry short,2025-01-23 15:45,Short,44294.6,22.6,1001057.96,45.2,0.00,248.6,0.02,-226,-0.02,3580.46,0.36
234,Exit short,2025-02-13 16:00,Exit Short Trailing,44464.5,22.5,999922.5,-528.75,-0.05,450,0.05,-528.75,-0.05,3051.71,0.31
234,Entry short,2025-02-13 15:55,Short,44441,22.5,999922.5,-528.75,-0.05,450,0.05,-528.75,-0.05,3051.71,0.31
235,Exit long,2025-02-20 15:45,Exit Long Trailing,44096.8,22.7,1001065.46,-68.1,-0.01,397.25,0.04,-601.55,-0.06,2983.61,0.30
235,Entry long,2025-02-20 15:40,Long,44099.8,22.7,1001065.46,-68.1,-0.01,397.25,0.04,-601.55,-0.06,2983.61,0.30
236,Exit short,2025-04-11 15:45,Exit Short Trailing,39569,25.3,1002107.7,1012,0.10,2833.6,0.28,-215.05,-0.02,3995.61,0.40
236,Entry short,2025-04-11 15:40,Short,39609,25.3,1002107.7,1012,0.10,2833.6,0.28,-215.05,-0.02,3995.61,0.40
237,Exit short,2025-04-22 16:05,Cierre forzoso fin sesión,39170.5,25.6,1000614.4,-2150.4,-0.21,0,0.00,-3724.8,-0.37,1845.21,0.18
237,Entry short,2025-04-22 16:00,Short,39086.5,25.6,1000614.4,-2150.4,-0.21,0,0.00,-3724.8,-0.37,1845.21,0.18
238,Exit short,2025-04-24 16:00,Exit Short Trailing,39859.8,25.1,1001823.83,1342.85,0.13,1907.6,0.19,-313.75,-0.03,3188.06,0.32
238,Entry short,2025-04-24 15:55,Short,39913.3,25.1,1001823.83,1342.85,0.13,1907.6,0.19,-313.75,-0.03,3188.06,0.32
239,Exit short,2025-05-01 15:55,Exit Short Trailing,40874.7,24.4,1000136.48,2793.8,0.28,2793.8,0.28,-402.6,-0.04,5981.86,0.60
239,Entry short,2025-05-01 15:45,Short,40989.2,24.4,1000136.48,2793.8,0.28,2793.8,0.28,-402.6,-0.04,5981.86,0.60
240,Exit long,2025-05-01 16:05,Cierre forzoso fin sesión,40871.8,24.6,1005556.98,-110.7,-0.01,713.4,0.07,-774.9,-0.08,5871.16,0.59
240,Entry long,2025-05-01 16:00,Long,40876.3,24.6,1005556.98,-110.7,-0.01,713.4,0.07,-774.9,-0.08,5871.16,0.59
241,Exit long,2025-05-29 15:45,Exit Long Trailing,42010.8,23.9,1004889.84,-831.72,-0.08,709.83,0.07,-831.72,-0.08,5039.44,0.50
241,Entry long,2025-05-29 15:35,Long,42045.6,23.9,1004889.84,-831.72,-0.08,709.83,0.07,-831.72,-0.08,5039.44,0.50
242,Exit long,2025-05-30 15:40,Exit Long Trailing,42132.5,23.8,1003203.32,-449.82,-0.04,426.02,0.04,-449.82,-0.04,4589.62,0.46
242,Entry long,2025-05-30 15:35,Long,42151.4,23.8,1003203.32,-449.82,-0.04,426.02,0.04,-449.82,-0.04,4589.62,0.46
243,Exit short,2025-06-11 16:00,Exit Short Trailing,43008.9,23.3,1002990.44,883.07,0.09,1027.53,0.10,-23.3,0.00,5472.69,0.55
243,Entry short,2025-06-11 15:55,Short,43046.8,23.3,1002990.44,883.07,0.09,1027.53,0.10,-23.3,0.00,5472.69,0.55
244,Exit short,2025-06-18 16:05,Cierre forzoso fin sesión,42366.5,23.7,1003654.71,-431.34,-0.04,341.28,0.03,-535.62,-0.05,5041.35,0.50
244,Entry short,2025-06-18 16:00,Short,42348.3,23.7,1003654.71,-431.34,-0.04,341.28,0.03,-535.62,-0.05,5041.35,0.50
245,Exit short,2025-06-27 15:40,Exit Short Trailing,43844.4,22.9,1003326.86,-709.9,-0.07,70.99,0.01,-858.75,-0.09,4331.45,0.43
245,Entry short,2025-06-27 15:35,Short,43813.4,22.9,1003326.86,-709.9,-0.07,70.99,0.01,-858.75,-0.09,4331.45,0.43
246,Exit short,2025-07-10 16:05,Cierre forzoso fin sesión,44705.1,22.4,1001056,-338.24,-0.03,553.28,0.06,-430.08,-0.04,3993.21,0.40
246,Entry short,2025-07-10 15:50,Short,44690,22.4,1001056,-338.24,-0.03,553.28,0.06,-430.08,-0.04,3993.21,0.40
247,Exit long,2025-07-30 16:05,Cierre forzoso fin sesión,44622.9,22.4,999812.8,-259.84,-0.03,109.76,0.01,-389.76,-0.04,3733.37,0.37
247,Entry long,2025-07-30 16:00,Long,44634.5,22.4,999812.8,-259.84,-0.03,109.76,0.01,-389.76,-0.04,3733.37,0.37
248,Exit long,2025-08-01 16:00,Exit Long Trailing,43683,23,1001295.8,3413.2,0.34,3413.2,0.34,-165.6,-0.02,7146.57,0.71
248,Entry long,2025-08-01 15:40,Long,43534.6,23,1001295.8,3413.2,0.34,3413.2,0.34,-165.6,-0.02,7146.57,0.71
249,Exit long,2025-08-05 16:05,Cierre forzoso fin sesión,44088,22.8,1005071.88,134.52,0.01,364.8,0.04,-364.8,-0.04,7281.09,0.73
249,Entry long,2025-08-05 16:00,Long,44082.1,22.8,1005071.88,134.52,0.01,364.8,0.04,-364.8,-0.04,7281.09,0.73
250,Exit long,2025-08-25 15:40,Exit Long Trailing,45403.8,22.1,1003501.33,-77.35,-0.01,170.17,0.02,-415.48,-0.04,7203.74,0.72
250,Entry long,2025-08-25 15:35,Long,45407.3,22.1,1003501.33,-77.35,-0.01,170.17,0.02,-415.48,-0.04,7203.74,0.72
251,Exit short,2025-08-27 16:05,Cierre forzoso fin sesión,45514.1,22.1,1005947.8,86.19,0.01,329.29,0.03,-249.73,-0.02,7289.93,0.73
251,Entry short,2025-08-27 15:45,Short,45518,22.1,1005947.8,86.19,0.01,329.29,0.03,-249.73,-0.02,7289.93,0.73
252,Exit long,2025-09-16 16:05,Cierre forzoso fin sesión,45770.1,22,1006700.2,242,0.02,396,0.04,-68.2,-0.01,7531.93,0.75
252,Entry long,2025-09-16 15:55,Long,45759.1,22,1006700.2,242,0.02,396,0.04,-68.2,-0.01,7531.93,0.75
253,Exit short,2025-09-17 15:40,Exit Short Trailing,46054.5,21.8,1004341.26,353.16,0.04,470.88,0.05,-34.88,0.00,7885.09,0.79
253,Entry short,2025-09-17 15:35,Short,46070.7,21.8,1004341.26,353.16,0.04,470.88,0.05,-34.88,0.00,7885.09,0.79